escenario,algoritmo,seed,n_viewpoints,mejor_distancia,tiempo_total,iteraciones,estado
1,ACO_AS,1,94,10.82027168571949,46.070946199819446,100,OK
1,ACO_AS,2,94,10.837852492928505,40.37040590005927,100,OK
1,ACO_AS,3,94,10.932186514139175,40.047295399941504,100,OK
1,ACO_AS,4,94,10.849243730306625,41.03078209981322,100,OK
1,ACO_AS,5,94,10.767811439931393,40.703741600038484,100,OK
1,ACO_AS,6,94,10.746693894267082,41.014881500042975,100,OK
1,ACO_AS,7,94,10.638276249170303,40.35303750005551,100,OK
1,ACO_AS,8,94,10.836346067488194,38.86189000005834,100,OK
1,ACO_AS,9,94,10.934401832520962,40.98594749998301,100,OK
1,ACO_AS,10,94,10.834994539618492,40.903733500046656,100,OK
1,ACO_AS,11,94,10.849261596798897,40.93507799995132,100,OK
1,ACO_AS,12,94,10.811450690031052,39.709383599925786,100,OK
1,ACO_AS,13,94,10.648350585252047,44.1416682000272,100,OK
1,ACO_AS,14,94,11.112893179059029,39.75129189994186,100,OK
1,ACO_AS,15,94,10.8769950568676,38.16620879992843,100,OK
1,ACO_AS,16,94,10.772862993180752,45.12664440018125,100,OK
1,ACO_AS,17,94,10.766580305993557,40.515443299897015,100,OK
1,ACO_AS,18,94,10.704397216439247,41.51164049981162,100,OK
1,ACO_AS,19,94,10.809692740440369,40.646808499936014,100,OK
1,ACO_AS,20,94,10.926077589392662,39.350024399813265,100,OK
1,ACO_AS,21,94,10.827126331627369,40.75999390007928,100,OK
1,ACO_AS,22,94,10.778737157583237,40.516072700032964,100,OK
1,ACO_AS,23,94,10.935004614293575,40.55940610007383,100,OK
1,ACO_AS,24,94,10.824773162603378,41.4643510999158,100,OK
1,ACO_AS,25,94,10.712597526609898,39.85606470005587,100,OK
1,ACO_AS,26,94,10.66760916262865,41.10161709995009,100,OK
1,ACO_AS,27,94,10.924758285284042,41.20260629989207,100,OK
1,ACO_AS,28,94,10.838848166167736,41.0423567998223,100,OK
1,ACO_AS,29,94,10.78662984073162,40.79815960000269,100,OK
1,ACO_AS,30,94,10.785635061562061,40.51962379994802,100,OK
1,ACO_EAS,1,94,10.977407056838274,40.90348229999654,100,OK
1,ACO_EAS,2,94,11.142017900943756,40.997793999966234,100,OK
1,ACO_EAS,3,94,10.97411085665226,40.38908500014804,100,OK
1,ACO_EAS,4,94,11.048110280185938,41.85136159998365,100,OK
1,ACO_EAS,5,94,11.070995479822159,43.097460800083354,100,OK
1,ACO_EAS,6,94,11.23779833316803,41.44528570002876,100,OK
1,ACO_EAS,7,94,10.943260308355093,41.1211704001762,100,OK
1,ACO_EAS,8,94,11.075260773301125,42.1337504000403,100,OK
1,ACO_EAS,9,94,10.703799836337566,42.525679300073534,100,OK
1,ACO_EAS,10,94,11.184497639536858,41.03566169994883,100,OK
1,ACO_EAS,11,94,10.84213650971651,39.93396870000288,100,OK
1,ACO_EAS,12,94,11.376452557742596,40.3091372998897,100,OK
1,ACO_EAS,13,94,10.988851848989725,39.38780259992927,100,OK
1,ACO_EAS,14,94,11.336913418024778,41.03826699987985,100,OK
1,ACO_EAS,15,94,11.222391992807388,41.798692299984396,100,OK
1,ACO_EAS,16,94,11.096561916172504,41.4487542998977,100,OK
1,ACO_EAS,17,94,11.153952792286873,41.436240799957886,100,OK
1,ACO_EAS,18,94,11.367896612733603,38.16873640008271,100,OK
1,ACO_EAS,19,94,11.124667298048735,39.33524219994433,100,OK
1,ACO_EAS,20,94,11.16919220983982,42.0462247999385,100,OK
1,ACO_EAS,21,94,10.951724842190742,43.44675959995948,100,OK
1,ACO_EAS,22,94,10.759002760052681,42.941649599932134,100,OK
1,ACO_EAS,23,94,10.924855686724186,41.00899280002341,100,OK
1,ACO_EAS,24,94,10.965760339051485,40.07109500002116,100,OK
1,ACO_EAS,25,94,11.115040645003319,41.147080100141466,100,OK
1,ACO_EAS,26,94,10.971941851079464,41.06687260000035,100,OK
1,ACO_EAS,27,94,11.130746494978666,39.57692770007998,100,OK
1,ACO_EAS,28,94,11.028281636536121,41.30139370006509,100,OK
1,ACO_EAS,29,94,10.994864873588085,41.38043749984354,100,OK
1,ACO_EAS,30,94,10.908972077071667,40.491191500099376,100,OK
1,ACO_AS_RANK,1,94,10.564119588583708,40.11837889999151,100,OK
1,ACO_AS_RANK,2,94,10.691216416656971,39.51593349990435,100,OK
1,ACO_AS_RANK,3,94,10.745690360665321,40.4739270999562,100,OK
1,ACO_AS_RANK,4,94,10.763097081333399,40.74106670008041,100,OK
1,ACO_AS_RANK,5,94,10.627233900129795,40.46310259983875,100,OK
1,ACO_AS_RANK,6,94,10.678724609315395,39.67795779998414,100,OK
1,ACO_AS_RANK,7,94,10.736644424498081,40.15562040009536,100,OK
1,ACO_AS_RANK,8,94,10.699520990252495,39.99044440011494,100,OK
1,ACO_AS_RANK,9,94,10.687615603208542,49.50453469995409,100,OK
1,ACO_AS_RANK,10,94,10.583449751138687,62.18293430004269,100,OK
1,ACO_AS_RANK,11,94,10.672754131257534,58.849469899898395,100,OK
1,ACO_AS_RANK,12,94,10.825181677937508,54.46225870004855,100,OK
1,ACO_AS_RANK,13,94,10.730653673410416,61.497649600030854,100,OK
1,ACO_AS_RANK,14,94,10.647492229938507,59.10285839997232,100,OK
1,ACO_AS_RANK,15,94,10.567623812705278,57.488388600060716,100,OK
1,ACO_AS_RANK,16,94,10.582543425261974,58.56518420018256,100,OK
1,ACO_AS_RANK,17,94,10.718221604824066,58.982024299912155,100,OK
1,ACO_AS_RANK,18,94,10.699205584824085,51.916821599937975,100,OK
1,ACO_AS_RANK,19,94,10.708204440772533,43.795339200180024,100,OK
1,ACO_AS_RANK,20,94,10.575839720666409,39.55123999994248,100,OK
1,ACO_AS_RANK,21,94,10.899306081235409,41.30609229998663,100,OK
1,ACO_AS_RANK,22,94,10.645555317401886,42.483015900012106,100,OK
1,ACO_AS_RANK,23,94,10.801147058606148,47.80671799997799,100,OK
1,ACO_AS_RANK,24,94,10.799398876726627,56.6816682999488,100,OK
1,ACO_AS_RANK,25,94,10.88363365828991,59.90742199984379,100,OK
1,ACO_AS_RANK,26,94,10.795147940516472,56.746664999984205,100,OK
1,ACO_AS_RANK,27,94,10.699701860547066,60.757749300217256,100,OK
1,ACO_AS_RANK,28,94,10.583449751138687,62.151947600068524,100,OK
1,ACO_AS_RANK,29,94,10.803383097052574,57.75370409991592,100,OK
1,ACO_AS_RANK,30,94,10.725632421672344,62.935014199931175,100,OK
1,ACO_MMAS,1,94,11.748377054929733,57.509373700013384,100,OK
1,ACO_MMAS,2,94,12.017779093235731,55.53152060019784,100,OK
1,ACO_MMAS,3,94,11.690904840826988,56.718338100006804,100,OK
1,ACO_MMAS,4,94,12.061306990683079,56.02179710008204,100,OK
1,ACO_MMAS,5,94,11.918053045868874,58.098523299908265,100,OK
1,ACO_MMAS,6,94,11.853166293352842,56.30804209993221,100,OK
1,ACO_MMAS,7,94,11.729663409292698,61.553759899921715,100,OK
1,ACO_MMAS,8,94,12.252635214477777,53.00576189998537,100,OK
1,ACO_MMAS,9,94,12.090793631970882,53.12520220014267,100,OK
1,ACO_MMAS,10,94,12.171102043241262,48.79876959999092,100,OK
1,ACO_MMAS,11,94,11.745850291103125,58.02566109993495,100,OK
1,ACO_MMAS,12,94,12.000913996249437,53.139310100115836,100,OK
1,ACO_MMAS,13,94,12.017970658838749,42.02289040014148,100,OK
1,ACO_MMAS,14,94,12.104461289942265,48.925468400120735,100,OK
1,ACO_MMAS,15,94,12.354094050824642,70.5663442001678,100,OK
1,ACO_MMAS,16,94,11.941554307937622,65.43100330000743,100,OK
1,ACO_MMAS,17,94,12.05931767448783,60.975958900060505,100,OK
1,ACO_MMAS,18,94,12.32635585963726,60.12781320000067,100,OK
1,ACO_MMAS,19,94,12.144134890288115,56.02518939995207,100,OK
1,ACO_MMAS,20,94,12.188106074929237,57.72996160015464,100,OK
1,ACO_MMAS,21,94,12.075301960110664,58.93987060012296,100,OK
1,ACO_MMAS,22,94,11.978985264897346,57.75396119989455,100,OK
1,ACO_MMAS,23,94,12.155099462717772,128.99527009995654,100,OK
1,ACO_MMAS,24,94,11.86414459347725,157.96783150010742,100,OK
1,ACO_MMAS,25,94,12.004804499447346,146.69618169986643,100,OK
1,ACO_MMAS,26,94,11.855215586721897,69.99786120001227,100,OK
1,ACO_MMAS,27,94,11.544468242675066,74.04948990000412,100,OK
1,ACO_MMAS,28,94,11.926297955214977,161.4491738998331,100,OK
1,ACO_MMAS,29,94,12.03860443457961,161.94751140009612,100,OK
1,ACO_MMAS,30,94,11.800976373255253,152.44693899992853,100,OK
1,ACO_ACS,1,94,10.973008647561073,14.787097499938682,100,OK
1,ACO_ACS,2,94,10.915556393563747,13.690795599948615,100,OK
1,ACO_ACS,3,94,11.282347321510315,12.695848099887371,100,OK
1,ACO_ACS,4,94,10.864505790174007,13.15398079995066,100,OK
1,ACO_ACS,5,94,10.746321454644203,12.886507999850437,100,OK
1,ACO_ACS,6,94,11.00699033588171,12.6441023000516,100,OK
1,ACO_ACS,7,94,10.945284493267536,12.922860000049695,100,OK
1,ACO_ACS,8,94,11.282025888562202,11.841505399905145,100,OK
1,ACO_ACS,9,94,11.048313543200493,13.150295600062236,100,OK
1,ACO_ACS,10,94,10.847459249198437,13.352519299834967,100,OK
1,ACO_ACS,11,94,11.196401059627533,13.534873900003731,100,OK
1,ACO_ACS,12,94,11.006953939795494,12.712799000088125,100,OK
1,ACO_ACS,13,94,11.251972563564777,13.018585900077596,100,OK
1,ACO_ACS,14,94,10.761267893016338,12.949368400033563,100,OK
1,ACO_ACS,15,94,10.883307538926601,13.149147900054231,100,OK
1,ACO_ACS,16,94,10.908774234354496,12.680941500002518,100,OK
1,ACO_ACS,17,94,10.910306617617607,13.23931370000355,100,OK
1,ACO_ACS,18,94,10.791051983833313,13.938949400093406,100,OK
1,ACO_ACS,19,94,10.987291604280472,13.38410079991445,100,OK
1,ACO_ACS,20,94,11.01351398974657,13.752232700120658,100,OK
1,ACO_ACS,21,94,11.037314929068089,14.07297969982028,100,OK
1,ACO_ACS,22,94,11.407836511731148,12.831471800105646,100,OK
1,ACO_ACS,23,94,10.93758636713028,13.146867899922654,100,OK
1,ACO_ACS,24,94,11.01649110764265,13.027658500010148,100,OK
1,ACO_ACS,25,94,11.01163075864315,12.956682099960744,100,OK
1,ACO_ACS,26,94,11.114606596529484,13.131602100096643,100,OK
1,ACO_ACS,27,94,10.890079639852047,13.278560200007632,100,OK
1,ACO_ACS,28,94,10.920986130833626,13.481631299946457,100,OK
1,ACO_ACS,29,94,11.061792820692062,13.173594899941236,100,OK
1,ACO_ACS,30,94,11.014281794428825,12.847887499956414,100,OK
1,SA,1,94,13.526088044047356,3.67793140001595,2488,OK
1,SA,2,94,13.14401114732027,4.024950599996373,2492,OK
1,SA,3,94,12.531531270593405,3.86940829991363,2489,OK
1,SA,4,94,12.653373789042234,4.2034010998904705,2489,OK
1,SA,5,94,13.195989847183228,3.7305904999375343,2487,OK
1,SA,6,94,12.78461492806673,3.912805600091815,2488,OK
1,SA,7,94,12.895988538861275,4.23846899997443,2487,OK
1,SA,8,94,13.192805361002684,3.9076346000656486,2492,OK
1,SA,9,94,13.109932657331228,4.190969099989161,2487,OK
1,SA,10,94,13.139565609395504,4.017032000003383,2491,OK
1,SA,11,94,13.47753893584013,4.351850199978799,2490,OK
1,SA,12,94,13.551603179425001,4.284340600017458,2487,OK
1,SA,13,94,12.605595722794533,4.147063999902457,2487,OK
1,SA,14,94,12.95568510144949,4.650560900103301,2487,OK
1,SA,15,94,12.831242769956589,4.333863699808717,2488,OK
1,SA,16,94,13.092449311167002,4.156586600001901,2483,OK
1,SA,17,94,12.92888381704688,3.9339232998900115,2492,OK
1,SA,18,94,12.99051133543253,4.121508799958974,2489,OK
1,SA,19,94,13.207991760224104,4.366650100098923,2490,OK
1,SA,20,94,13.033925082534552,4.07772389985621,2487,OK
1,SA,21,94,13.319981832057238,4.210054900031537,2487,OK
1,SA,22,94,12.751339945942163,1.6956877000629902,2484,OK
1,SA,23,94,12.740209970623255,1.5972382000181824,2489,OK
1,SA,24,94,12.552996221929789,2.274418800137937,2485,OK
1,SA,25,94,13.65758316218853,3.945634000003338,2489,OK
1,SA,26,94,12.5520252995193,4.004299899796024,2491,OK
1,SA,27,94,12.732141505926847,3.923223199788481,2489,OK
1,SA,28,94,12.688015073537827,4.1238298998214304,2485,OK
1,SA,29,94,13.357096180319786,3.9820829001255333,2485,OK
1,SA,30,94,13.063195429742336,3.9496982998680323,2488,OK
2,ACO_AS,1,72,11.367192134261131,86.0417045999784,100,OK
2,ACO_AS,2,72,11.307471960783005,88.85222330014221,100,OK
2,ACO_AS,3,72,11.307471960783005,79.93642639997415,100,OK
2,ACO_AS,4,72,11.346279487013817,77.28624800010584,100,OK
2,ACO_AS,5,72,11.24453978985548,87.93726090015844,100,OK
2,ACO_AS,6,72,11.258523613214493,71.457266200101,100,OK
2,ACO_AS,7,72,11.31103128939867,63.392277400009334,100,OK
2,ACO_AS,8,72,11.280631184577942,89.47000990016386,100,OK
2,ACO_AS,9,72,11.309092119336128,92.06232409994118,100,OK
2,ACO_AS,10,72,11.413789853453636,90.28786889999174,100,OK
2,ACO_AS,11,72,11.41986408829689,92.68635650002398,100,OK
2,ACO_AS,12,72,11.420758612453938,91.45367870014161,100,OK
2,ACO_AS,13,72,11.346279487013817,92.15093560004607,100,OK
2,ACO_AS,14,72,11.24453978985548,90.20889139990322,100,OK
2,ACO_AS,15,72,11.367192134261131,86.38469229987822,100,OK
2,ACO_AS,16,72,11.316333949565887,84.58518699998967,100,OK
2,ACO_AS,17,72,11.24453978985548,79.37740300013684,100,OK
2,ACO_AS,18,72,11.221336245536804,87.57281089993194,100,OK
2,ACO_AS,19,72,11.398229025304317,88.25251549994573,100,OK
2,ACO_AS,20,72,11.39729642868042,84.65071109985001,100,OK
2,ACO_AS,21,72,11.313689894974232,87.27596659981646,100,OK
2,ACO_AS,22,72,11.280631184577942,86.49568039993756,100,OK
2,ACO_AS,23,72,11.375583618879318,87.600545699941,100,OK
2,ACO_AS,24,72,11.395227834582329,87.79601359996013,100,OK
2,ACO_AS,25,72,11.307471960783005,88.08687270013615,100,OK
2,ACO_AS,26,72,11.309092119336128,88.06344010005705,100,OK
2,ACO_AS,27,72,11.34197897464037,88.08359869988635,100,OK
2,ACO_AS,28,72,11.34682597965002,58.66959139984101,100,OK
2,ACO_AS,29,72,11.316333949565887,86.68002120009623,100,OK
2,ACO_AS,30,72,11.332295663654804,88.56456280010752,100,OK
2,ACO_EAS,1,72,11.341225653886795,87.95712590008043,100,OK
2,ACO_EAS,2,72,11.500580459833145,69.05380979995243,100,OK
2,ACO_EAS,3,72,11.335996761918068,21.326077700126916,100,OK
2,ACO_EAS,4,72,11.418166287243366,21.693479200126603,100,OK
2,ACO_EAS,5,72,11.287163600325584,23.141298400005326,100,OK
2,ACO_EAS,6,72,11.323958799242973,22.910777899902314,100,OK
2,ACO_EAS,7,72,11.483187735080719,22.496638499898836,100,OK
2,ACO_EAS,8,72,11.880455166101456,22.564967799931765,100,OK
2,ACO_EAS,9,72,11.309645339846611,21.45806000009179,100,OK
2,ACO_EAS,10,72,11.480482712388039,21.43800999992527,100,OK
2,ACO_EAS,11,72,11.59845943748951,21.304909899830818,100,OK
2,ACO_EAS,12,72,11.477151334285736,21.216980499913916,100,OK
2,ACO_EAS,13,72,11.309055119752884,21.443254900164902,100,OK
2,ACO_EAS,14,72,11.44119045138359,21.71592690004036,100,OK
2,ACO_EAS,15,72,11.405269131064415,22.469625799916685,100,OK
2,ACO_EAS,16,72,11.373321197926998,22.674567200010642,100,OK
2,ACO_EAS,17,72,11.338224709033966,23.292339799925685,100,OK
2,ACO_EAS,18,72,11.407426856458187,23.35384549992159,100,OK
2,ACO_EAS,19,72,11.586958482861519,23.272621899843216,100,OK
2,ACO_EAS,20,72,11.311664029955864,21.983737600035965,100,OK
2,ACO_EAS,21,72,11.27525957673788,21.69468120019883,100,OK
2,ACO_EAS,22,72,11.404144644737244,21.747170000104234,100,OK
2,ACO_EAS,23,72,11.731530874967575,20.88444159994833,100,OK
2,ACO_EAS,24,72,11.398474894464016,21.392372000031173,100,OK
2,ACO_EAS,25,72,11.445925801992416,20.52319119987078,100,OK
2,ACO_EAS,26,72,11.717398278415203,22.576865500072017,100,OK
2,ACO_EAS,27,72,11.315988644957542,22.884501700056717,100,OK
2,ACO_EAS,28,72,11.748357109725475,22.39313970017247,100,OK
2,ACO_EAS,29,72,11.438279196619987,22.846974399872124,100,OK
2,ACO_EAS,30,72,11.507808864116669,23.238448000047356,100,OK
2,ACO_AS_RANK,1,72,11.295277193188667,21.298299999907613,100,OK
2,ACO_AS_RANK,2,72,11.221336245536804,20.932802200084552,100,OK
2,ACO_AS_RANK,3,72,11.221336245536804,21.124249400105327,100,OK
2,ACO_AS_RANK,4,72,11.24453978985548,20.313476499868557,100,OK
2,ACO_AS_RANK,5,72,11.258523613214493,20.061402200022712,100,OK
2,ACO_AS_RANK,6,72,11.24453978985548,19.738081000046805,100,OK
2,ACO_AS_RANK,7,72,11.221336245536804,22.064659799914807,100,OK
2,ACO_AS_RANK,8,72,11.221336245536804,22.046058099949732,100,OK
2,ACO_AS_RANK,9,72,11.24453978985548,22.35059649986215,100,OK
2,ACO_AS_RANK,10,72,11.191517755389214,22.637560499832034,100,OK
2,ACO_AS_RANK,11,72,11.24453978985548,22.978087300201878,100,OK
2,ACO_AS_RANK,12,72,11.221336245536804,22.128631100058556,100,OK
2,ACO_AS_RANK,13,72,11.24453978985548,21.27668089978397,100,OK
2,ACO_AS_RANK,14,72,11.221336245536804,21.094559399876744,100,OK
2,ACO_AS_RANK,15,72,11.258523613214493,20.12096540001221,100,OK
2,ACO_AS_RANK,16,72,11.221336245536804,20.11581840016879,100,OK
2,ACO_AS_RANK,17,72,11.221336245536804,19.73213420016691,100,OK
2,ACO_AS_RANK,18,72,11.221336245536804,21.884520899970084,100,OK
2,ACO_AS_RANK,19,72,11.221336245536804,22.39537849999033,100,OK
2,ACO_AS_RANK,20,72,11.280631184577942,22.05464840005152,100,OK
2,ACO_AS_RANK,21,72,11.24453978985548,22.738343000179157,100,OK
2,ACO_AS_RANK,22,72,11.191517755389214,23.157509099924937,100,OK
2,ACO_AS_RANK,23,72,11.258523613214493,21.803300000028685,100,OK
2,ACO_AS_RANK,24,72,11.191517755389214,21.300458000041544,100,OK
2,ACO_AS_RANK,25,72,11.221336245536804,21.140363700222224,100,OK
2,ACO_AS_RANK,26,72,11.292685724794865,20.644271299941465,100,OK
2,ACO_AS_RANK,27,72,11.24453978985548,21.04034150019288,100,OK
2,ACO_AS_RANK,28,72,11.221336245536804,33.26027680002153,100,OK
2,ACO_AS_RANK,29,72,11.191517755389214,35.102389600127935,100,OK
2,ACO_AS_RANK,30,72,11.363085940480232,36.35909360018559,100,OK
2,ACO_MMAS,1,72,12.024274930357933,34.09747039992362,100,OK
2,ACO_MMAS,2,72,11.837314277887344,33.82133219996467,100,OK
2,ACO_MMAS,3,72,12.495903842151165,38.30089750001207,100,OK
2,ACO_MMAS,4,72,12.358048982918262,39.176745400065556,100,OK
2,ACO_MMAS,5,72,12.345600612461567,33.78686439990997,100,OK
2,ACO_MMAS,6,72,12.423214219510555,39.47745929984376,100,OK
2,ACO_MMAS,7,72,12.60038137435913,38.24588039983064,100,OK
2,ACO_MMAS,8,72,12.37247959524393,37.62904809997417,100,OK
2,ACO_MMAS,9,72,12.525890745222569,38.40416550007649,100,OK
2,ACO_MMAS,10,72,12.273406371474266,38.54518399992958,100,OK
2,ACO_MMAS,11,72,12.503440588712692,23.649236100027338,100,OK
2,ACO_MMAS,12,72,12.26526416093111,32.04608360002749,100,OK
2,ACO_MMAS,13,72,12.372152775526047,34.17451819987036,100,OK
2,ACO_MMAS,14,72,12.389657519757748,31.147877499926835,100,OK
2,ACO_MMAS,15,72,12.404083162546158,32.238303099991754,100,OK
2,ACO_MMAS,16,72,12.483760952949524,32.89828860014677,100,OK
2,ACO_MMAS,17,72,12.436416931450367,27.33569660014473,100,OK
2,ACO_MMAS,18,72,12.374416656792164,20.514119900064543,100,OK
2,ACO_MMAS,19,72,12.227744773030281,19.860859900014475,100,OK
2,ACO_MMAS,20,72,12.294110655784607,20.746202499838546,100,OK
2,ACO_MMAS,21,72,12.277563244104385,21.440671200165525,100,OK
2,ACO_MMAS,22,72,12.304268136620522,21.532489199889824,100,OK
2,ACO_MMAS,23,72,12.480859711766243,21.568106499966234,100,OK
2,ACO_MMAS,24,72,12.145847134292126,22.40754820010625,100,OK
2,ACO_MMAS,25,72,12.643394611775875,22.02209009998478,100,OK
2,ACO_MMAS,26,72,12.625266559422016,20.614162999903783,100,OK
2,ACO_MMAS,27,72,12.292413234710693,20.656922100111842,100,OK
2,ACO_MMAS,28,72,12.582834973931313,20.610574300168082,100,OK
2,ACO_MMAS,29,72,12.541147507727146,20.142968900036067,100,OK
2,ACO_MMAS,30,72,12.697906278073788,19.73518509999849,100,OK
2,ACO_ACS,1,72,11.482837699353695,2.046864900039509,100,OK
2,ACO_ACS,2,72,11.335838615894318,2.048064999980852,100,OK
2,ACO_ACS,3,72,11.373669475317001,2.116318699903786,100,OK
2,ACO_ACS,4,72,11.455371923744678,2.016693500103429,100,OK
2,ACO_ACS,5,72,11.56112565845251,2.0125045001041144,100,OK
2,ACO_ACS,6,72,11.436415009200573,2.105401000007987,100,OK
2,ACO_ACS,7,72,11.67420955747366,2.0016923998482525,100,OK
2,ACO_ACS,8,72,11.68834363669157,2.1711285000201315,100,OK
2,ACO_ACS,9,72,11.386482864618301,2.190263899974525,100,OK
2,ACO_ACS,10,72,11.370120622217655,2.179568500025198,100,OK
2,ACO_ACS,11,72,11.508093610405922,2.227615899872035,100,OK
2,ACO_ACS,12,72,11.411319486796856,2.209404200082645,100,OK
2,ACO_ACS,13,72,11.657035373151302,2.145026200218126,100,OK
2,ACO_ACS,14,72,11.445251815021038,2.226942799985409,100,OK
2,ACO_ACS,15,72,11.584749929606915,2.2482697998639196,100,OK
2,ACO_ACS,16,72,11.476888313889503,2.2097793000284582,100,OK
2,ACO_ACS,17,72,11.545654766261578,2.2924774999264628,100,OK
2,ACO_ACS,18,72,11.346279487013817,2.2049306000117213,100,OK
2,ACO_ACS,19,72,11.43987237662077,2.1403608999680728,100,OK
2,ACO_ACS,20,72,11.864143669605255,2.051644500112161,100,OK
2,ACO_ACS,21,72,11.470065042376518,2.2424890999682248,100,OK
2,ACO_ACS,22,72,11.441841222345829,2.184978700010106,100,OK
2,ACO_ACS,23,72,11.346279487013817,2.236227900022641,100,OK
2,ACO_ACS,24,72,11.37074612826109,2.217200200073421,100,OK
2,ACO_ACS,25,72,11.708958372473717,2.279256399953738,100,OK
2,ACO_ACS,26,72,11.422922872006893,2.1959615000523627,100,OK
2,ACO_ACS,27,72,11.48222902417183,2.2380264000967145,100,OK
2,ACO_ACS,28,72,11.513285800814629,2.161013700067997,100,OK
2,ACO_ACS,29,72,11.460629373788834,2.2715038000606,100,OK
2,ACO_ACS,30,72,11.512496918439865,2.1515291000250727,100,OK
2,SA,1,72,14.069220550358295,0.7091296000871807,2511,OK
2,SA,2,72,12.775378964841366,0.6714331998955458,2513,OK
2,SA,3,72,13.233741223812103,0.6929281998891383,2511,OK
2,SA,4,72,14.244060397148132,0.6863226999994367,2513,OK
2,SA,5,72,13.783026456832886,0.6622009000275284,2508,OK
2,SA,6,72,12.528222307562828,0.6905491000507027,2513,OK
2,SA,7,72,14.387866914272308,0.6942103002220392,2512,OK
2,SA,8,72,14.094198875129223,0.6637120000086725,2511,OK
2,SA,9,72,13.450586929917336,0.6726716000121087,2512,OK
2,SA,10,72,13.228933691978455,0.6417384999804199,2509,OK
2,SA,11,72,13.775471143424511,0.6486893999390304,2511,OK
2,SA,12,72,13.001706145703793,0.6530651000794023,2513,OK
2,SA,13,72,13.338665708899498,0.7058173001278192,2511,OK
2,SA,14,72,12.838920257985592,0.6944727001246065,2511,OK
2,SA,15,72,13.429369740188122,0.7092319000512362,2512,OK
2,SA,16,72,13.640790171921253,0.6721731000579894,2511,OK
2,SA,17,72,13.81512825936079,0.7197829000651836,2512,OK
2,SA,18,72,13.076832823455334,0.652582700131461,2513,OK
2,SA,19,72,13.661760486662388,0.6634697001427412,2510,OK
2,SA,20,72,12.908408731222153,0.6360740000382066,2513,OK
2,SA,21,72,12.94223316013813,0.6941370000131428,2513,OK
2,SA,22,72,13.695833414793015,0.6480632000602782,2513,OK
2,SA,23,72,13.233264118432999,0.6265579999890178,2512,OK
2,SA,24,72,13.608850181102753,0.688158500008285,2513,OK
2,SA,25,72,13.233258716762066,0.6997575000859797,2512,OK
2,SA,26,72,14.098963297903538,0.677349700126797,2512,OK
2,SA,27,72,13.639820605516434,0.665175799978897,2512,OK
2,SA,28,72,13.690054774284363,0.6902231001295149,2513,OK
2,SA,29,72,13.514671541750431,0.6548442000057548,2513,OK
2,SA,30,72,13.636240020394325,0.6674399999901652,2512,OK
